Wall time,Step,Value
1771618881.0749006,20000,-1506.238037109375
1771619173.6614232,60000,-1418.1910400390625
1771619202.9817746,64000,-1433.3548583984375
1771619291.383692,76000,-1431.8428955078125
1771619320.881638,80000,-1436.4892578125
1771619409.3066466,92000,-1440.9764404296875
1771619531.5683753,108000,-1445.406982421875
1771619562.5238855,112000,-1430.108642578125
1771619952.3642013,164000,-1372.7987060546875
1771620168.9588478,192000,-1385.7467041015625
1771620200.6041338,196000,-1392.2142333984375
1771620231.1747413,200000,-1376.5062255859375
1771620386.5618138,220000,-1363.642578125
1771620638.086354,252000,-1361.15380859375
1771620671.6888704,256000,-1352.20361328125
1771620765.0102265,268000,-1344.9228515625
1771620796.8015456,272000,-1331.7568359375
1771620893.8461368,284000,-1356.9588623046875
1771620926.0428238,288000,-1348.887939453125
1771621116.1371398,312000,-1324.69677734375
1771621281.8738391,332000,-1300.6273193359375
1771621513.4041634,360000,-1337.438232421875
1771621842.969887,400000,-1278.7872314453125
1771621976.2288196,416000,-1327.712158203125
1771622078.1488342,428000,-1275.3787841796875
1771622111.023052,432000,-1263.8973388671875
1771622413.6953676,468000,-1238.4700927734375
1771622582.3824358,488000,-1206.591552734375
1771622718.264801,504000,-1237.514404296875
1771622752.7082705,508000,-1238.2099609375
1771622820.519193,516000,-1243.6888427734375
1771622887.3906257,524000,-1245.304443359375
1771623095.3948693,548000,-1200.712158203125
1771623129.1024354,552000,-1233.5035400390625
1771623371.4305396,580000,-1239.441650390625
1771623439.2238896,588000,-1238.6595458984375
1771623474.5036843,592000,-1254.8826904296875
1771623578.7921078,604000,-1215.8736572265625
1771623821.3466816,632000,-1259.3724365234375
1771623926.5285895,644000,-1217.4610595703125
1771623999.4609563,652000,-1183.8349609375
1771624069.0035257,660000,-1192.634521484375
1771624318.1921616,688000,-1196.431640625
1771624354.3344715,692000,-1199.3873291015625
1771624531.7352183,712000,-1210.169921875
1771624783.4426,740000,-1185.796142578125
1771624818.5461576,744000,-1183.379638671875
1771624854.8396504,748000,-1189.6912841796875
1771624998.5567398,764000,-1220.7628173828125
1771625037.5264938,768000,-1219.136962890625
1771625072.8565798,772000,-1202.6995849609375
1771625326.109644,800000,-1198.754638671875
1771625436.7801354,812000,-1167.414306640625
1771625472.5911727,816000,-1167.845947265625
1771625511.0227537,820000,-1143.564453125
1771625547.6553056,824000,-1134.6895751953125
1771625619.2868648,832000,-1179.4542236328125
1771625764.1807206,848000,-1183.8592529296875
1771625836.8692722,856000,-1188.30322265625
1771625912.2995493,864000,-1178.7008056640625
1771626092.9366934,884000,-1159.7607421875
1771626127.6498306,888000,-1155.3818359375
1771626236.4273741,900000,-1155.504638671875
1771626422.4698281,920000,-1119.9901123046875
1771626983.4612226,980000,-1115.8502197265625
1771627022.5382478,984000,-1132.2274169921875
1771627058.668925,988000,-1156.1575927734375
1771627508.6111567,1036000,-1100.9111328125
1771627547.003024,1040000,-1115.4140625
1771627582.4700544,1044000,-1131.5428466796875
1771627989.4144597,1088000,-1117.3017578125
1771628102.49124,1100000,-1107.7916259765625
1771628176.8942568,1108000,-1104.7156982421875
1771628251.5656366,1116000,-1150.0069580078125
1771628400.917193,1132000,-1088.227783203125
1771628514.2887793,1144000,-1103.347900390625
1771628628.8488467,1156000,-1091.83984375
1771628702.6866236,1164000,-1100.1654052734375
1771628892.1488647,1184000,-1053.925048828125
1771628966.3320284,1192000,-1063.754638671875
1771629002.2554476,1196000,-1077.376708984375
1771629300.5519,1228000,-1084.7237548828125
1771629376.157327,1236000,-1074.5643310546875
1771629526.3374496,1252000,-1111.7078857421875
1771629677.0292087,1268000,-1077.8193359375
1771629751.8894155,1276000,-1108.36962890625
1771629788.236095,1280000,-1116.9886474609375
1771629899.700475,1292000,-1084.97314453125
1771630463.2272987,1352000,-1061.6707763671875
1771630500.674974,1356000,-1075.3577880859375
1771630688.093858,1376000,-1017.2399291992188
1771630761.9255579,1384000,-1005.6046752929688
1771630799.04666,1388000,-1006.5125122070312
1771631020.4599419,1412000,-994.8637084960938
1771631097.6757388,1420000,-1012.875
1771631247.3625562,1436000,-1000.208984375
1771631473.9553585,1460000,-1022.1309204101562
1771631509.5034926,1464000,-1003.8489990234375
1771631545.5384183,1468000,-979.290771484375
1771631581.9863095,1472000,-970.7830810546875
1771631998.2854104,1516000,-986.3225708007812
1771632299.7131832,1548000,-974.9166870117188
1771632451.0334299,1564000,-962.7941284179688
1771632525.1308815,1572000,-980.3986206054688
1771632714.5081527,1592000,-910.67431640625
1771632897.295591,1612000,-927.986572265625
1771632973.9102554,1620000,-946.4727172851562
1771633390.807146,1664000,-917.6943969726562
1771633617.8347483,1688000,-935.518310546875
1771633655.2312746,1692000,-939.0552978515625
1771633806.2158542,1708000,-916.493896484375
1771634183.794588,1748000,-894.2930908203125
1771634223.9601243,1752000,-885.5512084960938
1771634296.6825233,1760000,-914.6953125
1771634446.9564989,1776000,-918.3394165039062
1771634482.9476538,1780000,-921.9782104492188
1771634559.7240915,1788000,-911.4257202148438
1771634709.9509714,1804000,-884.3641967773438
1771634786.580716,1812000,-886.4583740234375
1771634936.922847,1828000,-894.4296875
1771635124.015944,1848000,-873.8240966796875
1771635273.5947373,1864000,-892.994384765625
1771635387.4439452,1876000,-922.3859252929688
1771635462.3511982,1884000,-901.4288940429688
1771635611.959666,1900000,-889.1439208984375
1771635651.820433,1904000,-895.167724609375
1771635838.0102546,1924000,-864.3023071289062
1771635877.231672,1928000,-878.8560791015625
1771636102.5346127,1952000,-863.5311279296875
1771636176.2409818,1960000,-875.281982421875
1771636365.885952,1980000,-861.2319946289062
1771636516.1155472,1996000,-891.9923095703125
1771636929.87486,2040000,-841.1491088867188
1771636967.5236523,2044000,-848.5831909179688
1771637007.8929744,2048000,-862.2628784179688
1771637044.5441647,2052000,-882.7554931640625
1771637082.2715542,2056000,-884.5228881835938
1771637120.806636,2060000,-890.6480712890625
1771637233.183868,2072000,-840.434326171875
1771637270.7304418,2076000,-849.2269287109375
1771637308.5283546,2080000,-846.0994262695312
1771637837.581416,2136000,-838.4793090820312
1771637873.8676462,2140000,-853.2603759765625
1771637950.509835,2148000,-866.3051147460938
1771637989.321479,2152000,-846.3817138671875
1771638025.7056818,2156000,-841.746826171875
1771638099.8929968,2164000,-848.559814453125
1771638250.5694547,2180000,-838.9212036132812
1771638326.0123787,2188000,-827.2136840820312
1771638475.821409,2204000,-839.1414794921875
1771638552.266411,2212000,-826.1578979492188
1771638704.590479,2228000,-809.6854858398438
1771638931.951279,2252000,-801.7785034179688
1771639005.9025602,2260000,-806.169189453125
1771639157.1964018,2276000,-836.319580078125
1771639344.69498,2296000,-815.9373779296875
1771639758.341804,2340000,-787.077880859375
1771639794.7435226,2344000,-782.3651733398438
1771639908.8845568,2356000,-775.81787109375
1771639984.2057567,2364000,-788.0535278320312
1771640023.3091595,2368000,-789.9804077148438
1771640137.151617,2380000,-785.7783203125
1771640215.2934475,2388000,-788.4769897460938
1771640475.7858288,2416000,-768.1287841796875
1771640666.3194978,2436000,-787.2510986328125
1771640855.5781784,2456000,-796.6212768554688
1771640893.0150738,2460000,-803.5181884765625
1771641196.3637645,2492000,-763.1375732421875
1771641232.9221497,2496000,-762.6915893554688
1771641343.94174,2508000,-738.6234130859375
1771641419.0705884,2516000,-733.8494873046875
1771641458.0101757,2520000,-737.17431640625
1771641607.0686655,2536000,-735.663818359375
1771641757.0673199,2552000,-769.8754272460938
1771641983.4327092,2576000,-754.4453735351562
1771642020.7622483,2580000,-763.7584228515625
1771642212.6106093,2600000,-783.2252197265625
1771642285.5843947,2608000,-757.1845092773438
1771642436.7771375,2624000,-705.5228271484375
1771642551.0956347,2636000,-726.837890625
1771642628.7426946,2644000,-725.6832275390625
1771642894.1213315,2672000,-726.4854125976562
1771643005.8756032,2684000,-762.0808715820312
1771643195.4393647,2704000,-713.2636108398438
1771643232.892029,2708000,-714.3466796875
1771643384.6759577,2724000,-716.1400756835938
1771643536.4055922,2740000,-729.5573120117188
1771643838.3382623,2772000,-735.430419921875
1771643914.3209343,2780000,-747.0485229492188
1771643990.6026924,2788000,-719.7733764648438
1771644027.0224378,2792000,-711.5830078125
1771644219.1894457,2812000,-701.6026000976562
1771644522.753515,2844000,-728.2286987304688
1771644708.8150308,2864000,-729.176025390625
1771644936.5851426,2888000,-668.4342041015625
1771645010.2696629,2896000,-700.7515869140625
1771645088.0092874,2904000,-699.4630126953125
1771645125.315478,2908000,-713.3955078125
1771645201.4805074,2916000,-734.1287841796875
1771645239.1661901,2920000,-745.9177856445312
1771645314.0948284,2928000,-745.450927734375
1771645352.6525757,2932000,-712.8850708007812
1771645388.9322078,2936000,-712.6541137695312
1771645582.0397556,2956000,-694.6937866210938
1771645808.3932014,2980000,-659.5986938476562
1771646565.1821632,3060000,-677.888916015625
1771646605.306812,3064000,-698.017578125
1771646869.5292068,3092000,-660.8137817382812
1771646984.8947504,3104000,-667.2015991210938
1771647023.9951088,3108000,-653.8790893554688
1771647100.1211152,3116000,-625.7346801757812
1771647175.2671561,3124000,-633.472900390625
1771647249.7869678,3132000,-667.3712768554688
1771647481.2928104,3156000,-657.79638671875
1771648089.6186938,3220000,-670.8742065429688
1771648128.2258966,3224000,-658.7479858398438
1771648201.756515,3232000,-637.8555908203125
1771648315.7558734,3244000,-639.898681640625
1771648620.2601109,3276000,-624.9500122070312
1771648660.4101791,3280000,-639.0042724609375
1771649002.1955879,3316000,-618.5191040039062
1771649153.478321,3332000,-620.9163208007812
1771649190.9792569,3336000,-626.4010009765625
1771649266.2807117,3344000,-651.859619140625
1771649304.2847915,3348000,-656.3812255859375
1771649418.945527,3360000,-631.1898193359375
1771649456.6948223,3364000,-619.4055786132812
1771649569.434369,3376000,-620.394287109375
1771649647.3679225,3384000,-623.9439086914062
1771649875.8965256,3408000,-637.8995971679688
1771650106.2635696,3432000,-606.4385986328125
1771650219.7556624,3444000,-581.4384155273438
1771650295.870804,3452000,-582.147216796875
1771650444.6133268,3468000,-615.3350219726562
1771650594.3822181,3484000,-603.7135009765625
1771650634.3250654,3488000,-587.2608032226562
1771651127.166617,3540000,-609.3320922851562
1771651203.816459,3548000,-610.4699096679688
1771651430.8487983,3572000,-588.456298828125
1771651543.0646152,3584000,-562.525390625
1771651617.6248786,3592000,-561.5328979492188
1771651768.3451874,3608000,-572.3314208984375
1771651805.9647858,3612000,-573.8204956054688
1771652034.9239354,3636000,-576.2192993164062
1771652111.631728,3644000,-563.0073852539062
1771652414.4470308,3676000,-574.328125
1771652529.4442296,3688000,-578.0847778320312
1771652789.1432967,3716000,-601.6646118164062
1771652864.1279635,3724000,-592.127685546875
1771652901.2324266,3728000,-586.1776123046875
1771652939.986665,3732000,-575.50439453125
1771653318.9752617,3772000,-561.101318359375
1771653587.8615992,3800000,-544.0880126953125
1771653702.5613484,3812000,-550.1823120117188
1771653818.0385475,3824000,-544.1649169921875
1771654121.5622292,3856000,-567.4951782226562
1771654695.3824356,3916000,-566.6563720703125
1771654730.222388,3920000,-575.8142700195312
1771654845.2956553,3932000,-561.6912231445312
1771654995.448726,3948000,-565.7205810546875
1771655148.0719097,3964000,-534.69921875
1771655225.6178038,3972000,-532.9238891601562
1771655301.6796696,3980000,-537.8095703125
1771655493.6415327,4000000,-535.4307861328125
1771655610.091582,4012000,-543.8889770507812
1771655648.8723967,4016000,-532.43701171875
1771655688.7863097,4020000,-550.422119140625
1771655762.8610656,4028000,-553.2379760742188
1771656030.0515177,4056000,-531.3673706054688
1771656106.038868,4064000,-527.4703979492188
1771656377.2163572,4092000,-520.853515625
1771656530.762816,4108000,-537.6224975585938
1771656607.228167,4116000,-525.7947998046875
1771656873.013669,4144000,-528.1937255859375
1771656910.1415637,4148000,-531.19482421875
1771656950.1131616,4152000,-521.4434814453125
1771657175.4427114,4176000,-531.663818359375
1771657290.8344367,4188000,-530.359375
1771657676.57323,4228000,-510.05670166015625
1771657829.844776,4244000,-490.4021911621094
1771657907.0080023,4252000,-500.73760986328125
1771658213.4941592,4284000,-542.1766967773438
1771658250.9529135,4288000,-523.2279052734375
1771658327.5747948,4296000,-503.5751037597656
1771658475.268343,4312000,-501.7428894042969
1771658592.2074234,4324000,-497.9930114746094
1771658819.45782,4348000,-490.21820068359375
1771658860.701974,4352000,-472.75311279296875
1771659283.744099,4396000,-508.1617126464844
1771659432.644034,4412000,-476.9573059082031
1771659510.5109189,4420000,-500.36090087890625
1771659625.5195668,4432000,-468.1471862792969
1771659702.140982,4440000,-486.88360595703125
1771659776.096482,4448000,-497.5714111328125
1771659891.3314698,4460000,-497.1416931152344
1771660161.8943136,4488000,-513.165771484375
1771660197.2678142,4492000,-522.6409301757812
1771660312.3562167,4504000,-522.2479858398438
1771660350.9789138,4508000,-502.8205871582031
1771660464.3428876,4520000,-483.0210876464844
1771660578.182584,4532000,-485.26568603515625
1771660655.4643238,4540000,-502.89801025390625
1771660847.8298957,4560000,-478.56610107421875
1771661118.3404477,4588000,-487.9306945800781
1771661308.333695,4608000,-469.0732116699219
1771661346.7462213,4612000,-472.8196105957031
1771661730.430374,4652000,-455.531005859375
1771661806.7214873,4660000,-454.8398132324219
1771662189.111277,4700000,-461.827392578125
1771662265.365765,4708000,-466.06561279296875
1771662302.6245599,4712000,-462.2666015625
1771662491.2116852,4732000,-468.8617858886719
1771662569.7227256,4740000,-463.41070556640625
1771662760.6433785,4760000,-464.6011047363281
1771662913.8186834,4776000,-435.51141357421875
1771662951.309473,4780000,-432.97210693359375
1771663067.055324,4792000,-443.1669006347656
1771663411.9763172,4828000,-457.48919677734375
1771663720.3037298,4860000,-447.80010986328125
1771663870.4266188,4876000,-441.85418701171875
1771664064.3637536,4896000,-439.03790283203125
1771664139.9765036,4904000,-440.1217041015625
1771664293.8015542,4920000,-451.2254943847656
1771664866.131523,4980000,-465.5303039550781
1771664943.8451355,4988000,-434.768798828125
1771665098.2829614,5004000,-420.8915100097656
1771665136.9254894,5008000,-431.7965087890625
1771665174.1539786,5012000,-441.3938903808594
1771665251.4385617,5020000,-439.75738525390625
1771665366.3485513,5032000,-424.48968505859375
1771665480.8440375,5044000,-427.7004089355469
1771665518.2550416,5048000,-428.6954040527344
1771665747.0455353,5072000,-406.54949951171875
1771665902.649403,5088000,-417.0884094238281
1771666096.9836416,5108000,-415.9653015136719
1771666173.6351373,5116000,-423.30279541015625
1771666326.6446443,5132000,-414.0101013183594
1771666440.5421355,5144000,-429.1213073730469
1771666631.1158493,5164000,-412.3468933105469
1771666748.0692728,5176000,-375.0885925292969
1771666938.5913446,5196000,-412.224609375
1771666975.7596784,5200000,-406.2322998046875
1771667090.333101,5212000,-405.3829040527344
1771667248.3895557,5228000,-403.24609375
1771667591.3196483,5264000,-418.89019775390625
1771667861.9700625,5292000,-391.4755859375
1771667975.8328636,5304000,-389.0715026855469
1771668013.5094507,5308000,-395.52398681640625
1771668360.6158946,5344000,-394.4963073730469
1771668744.7145534,5384000,-399.4382019042969
1771668858.7895443,5396000,-393.2204895019531
1771669086.5989838,5420000,-412.715087890625
1771669317.5389926,5444000,-386.29888916015625
1771669472.4895759,5460000,-375.4573059082031
1771669626.4676168,5476000,-411.5757141113281
1771669892.6756217,5504000,-385.910400390625
1771669932.9252925,5508000,-386.37188720703125
1771670085.0101886,5524000,-383.190185546875
1771670315.7219107,5548000,-376.6700134277344
1771670469.0617156,5564000,-378.0631103515625
1771670585.8585966,5576000,-369.8728942871094
1771670739.6249182,5592000,-397.56390380859375
1771671509.663686,5672000,-392.0997009277344
1771671663.0018728,5688000,-360.775390625
1771672046.7140198,5728000,-374.19390869140625
1771672236.8855085,5748000,-370.80279541015625
1771672315.2767031,5756000,-358.16339111328125
1771672355.2800426,5760000,-377.4964904785156
1771672390.0330331,5764000,-385.6653137207031
1771672431.1848688,5768000,-381.1133117675781
1771672734.7831757,5800000,-376.7492980957031
1771673045.5356116,5832000,-363.74639892578125
1771673084.708207,5836000,-364.56170654296875
1771673159.2917655,5844000,-351.98870849609375
1771673196.6247535,5848000,-342.09051513671875
1771673656.9852612,5896000,-353.6258850097656
1771673695.9116766,5900000,-349.0354919433594
1771673773.7851188,5908000,-329.6560974121094
1771674197.8076713,5952000,-340.5802001953125
1771674312.5302687,5964000,-318.8197937011719
1771674464.0344021,5980000,-342.0205993652344
1771674614.552587,5996000,-350.2757873535156
1771674769.3574703,6012000,-316.0802001953125
1771675037.3169203,6040000,-325.2698974609375
1771675077.5192087,6044000,-325.5810852050781
1771675115.2574558,6048000,-333.07659912109375
1771675192.3280354,6056000,-332.98089599609375
1771675307.3143313,6068000,-324.8328857421875
1771675768.0589557,6116000,-338.4814147949219
1771675996.7230093,6140000,-311.93438720703125
1771676113.548202,6152000,-317.21038818359375
1771676150.82397,6156000,-319.42779541015625
1771676535.8643692,6196000,-333.4017028808594
1771676652.7765503,6208000,-330.10260009765625
1771676689.2077816,6212000,-325.1980895996094
1771677074.7381852,6252000,-335.60650634765625
1771677188.318886,6264000,-318.1427917480469
1771677225.9214585,6268000,-314.252685546875
1771677302.6085382,6276000,-310.00048828125
1771677459.0323124,6292000,-322.5812072753906
1771677494.9601777,6296000,-322.24249267578125
1771677609.3019824,6308000,-310.447998046875
1771677761.7840016,6324000,-315.4140930175781
1771677955.6686702,6344000,-315.1159973144531
1771678376.7857282,6388000,-316.77508544921875
1771678570.4796047,6408000,-295.51580810546875
1771678644.7708793,6416000,-299.0304870605469
1771678953.1436715,6448000,-296.4971923828125
1771679566.5435948,6512000,-276.4783020019531
1771679875.070828,6544000,-298.1991882324219
1771679952.242663,6552000,-296.40728759765625
1771680068.2742383,6564000,-301.2933044433594
1771680297.1202273,6588000,-299.6070861816406
1771680337.0988145,6592000,-299.2123107910156
1771680602.7749133,6620000,-274.71868896484375
1771680910.5473742,6652000,-266.27850341796875
1771681064.1660528,6668000,-288.6416015625
1771681219.6007726,6684000,-296.05230712890625
1771681370.2979636,6700000,-276.15301513671875
1771681484.855071,6712000,-283.1994934082031
1771681561.5143778,6720000,-255.99899291992188
1771681793.6545513,6744000,-281.2117919921875
1771681832.9268358,6748000,-273.1105041503906
1771681871.874087,6752000,-269.66668701171875
1771681910.5342762,6756000,-268.7793884277344
1771682143.2350879,6780000,-279.22149658203125
1771682181.296969,6784000,-274.3710021972656
1771682451.164663,6812000,-265.82989501953125
1771682526.1870754,6820000,-276.96160888671875
1771682642.5805113,6832000,-279.35931396484375
1771682718.219989,6840000,-279.4577941894531
1771682755.1289296,6844000,-287.1849060058594
1771682793.4640164,6848000,-295.0841064453125
1771683062.699348,6876000,-259.16339111328125
1771683216.3095622,6892000,-257.1083984375
1771683255.1979392,6896000,-254.07879638671875
1771683333.1512496,6904000,-263.0928955078125
1771683522.1685672,6924000,-261.76300048828125
1771683828.766422,6956000,-263.31298828125
1771683867.6323175,6960000,-262.0071105957031
1771684020.4947314,6976000,-272.0848083496094
1771684098.9556375,6984000,-268.06689453125
1771684404.3201818,7016000,-273.0198974609375
1771684443.1307797,7020000,-272.6556091308594
1771684867.5200493,7064000,-256.0502014160156
1771685249.8498623,7104000,-260.39630126953125
1771685326.2540638,7112000,-256.9361877441406
1771685441.4537091,7124000,-257.0592956542969
1771685596.6836698,7140000,-254.9969940185547
1771685637.7643712,7144000,-246.63209533691406
1771685675.1126213,7148000,-248.5364990234375
1771685791.9017463,7160000,-259.2192077636719
1771685907.668438,7172000,-261.4591064453125
1771686061.464212,7188000,-238.22579956054688
1771686217.0730698,7204000,-261.6138916015625
1771686952.721741,7280000,-251.02349853515625
1771687106.9465904,7296000,-231.1990966796875
1771687260.8622746,7312000,-216.67559814453125
1771687375.1636052,7324000,-239.2001953125
1771687451.5326428,7332000,-246.81649780273438
1771687605.3889623,7348000,-239.39540100097656
1771687681.5395122,7356000,-241.1208953857422
1771688024.2094574,7392000,-254.61940002441406
1771688178.0697722,7408000,-228.84820556640625
1771688529.9307964,7444000,-230.87640380859375
1771688719.3050268,7464000,-222.99380493164062
1771688759.6153908,7468000,-214.86669921875
1771688797.415002,7472000,-213.44369506835938
1771689299.6868227,7524000,-224.49119567871094
1771689415.8400693,7536000,-226.09829711914062
1771689533.296559,7548000,-230.0054931640625
1771689610.2458735,7556000,-236.77450561523438
1771689879.8985753,7584000,-223.42599487304688
1771690034.4925609,7600000,-217.6696014404297
1771690149.6542542,7612000,-232.74789428710938
1771690382.803891,7636000,-214.2333984375
1771690422.671691,7640000,-215.53919982910156
1771690460.586255,7644000,-213.54209899902344
1771690576.9238887,7656000,-237.62120056152344
1771690771.9222202,7676000,-220.70620727539062
1771691004.138372,7700000,-214.3135986328125
1771691042.996391,7704000,-204.5019073486328
1771691431.5770292,7744000,-198.7738037109375
1771691470.5871294,7748000,-200.8881072998047
1771691626.3120663,7764000,-222.98109436035156
1771691663.7387598,7768000,-214.46240234375
1771691819.988484,7784000,-212.1905059814453
1771691896.638063,7792000,-202.8809051513672
1771692128.7485878,7816000,-216.3166046142578
1771692244.9765441,7828000,-213.3695068359375
1771692400.0532203,7844000,-207.42640686035156
1771692437.7106745,7848000,-206.20689392089844
1771692514.430423,7856000,-210.0279998779297
1771692551.6442223,7860000,-206.4232940673828
1771692629.2056735,7868000,-194.8979034423828
1771693056.692314,7912000,-190.7082977294922
1771693135.5776544,7920000,-187.69679260253906
1771693446.0094817,7952000,-205.0825958251953
1771693486.0568435,7956000,-214.46580505371094
1771693604.142151,7968000,-209.00999450683594
1771694754.588369,8088000,-199.1746063232422
1771694949.4339073,8108000,-197.44650268554688
1771695295.5603929,8144000,-187.4503936767578
1771695333.7273614,8148000,-182.45449829101562
1771695603.733303,8176000,-191.80979919433594
1771695759.30518,8192000,-195.6887969970703
1771696028.7609766,8220000,-197.5782928466797
1771696067.641865,8224000,-196.52450561523438
1771696525.703428,8272000,-176.15859985351562
1771696639.9083095,8284000,-189.0279998779297
1771696988.8481014,8320000,-196.35879516601562
1771697297.885192,8352000,-176.55889892578125
1771697375.6547804,8360000,-188.6678924560547
1771697688.8450313,8392000,-187.97120666503906
1771697728.014511,8396000,-183.2534942626953
1771697803.6875992,8404000,-178.78680419921875
1771697916.0314457,8416000,-181.71490478515625
1771697993.4185073,8424000,-182.74200439453125
1771698149.8114169,8440000,-185.74290466308594
1771698189.6187859,8444000,-181.9279022216797
1771698343.6910877,8460000,-194.7678985595703
1771698383.4531128,8464000,-193.7091064453125
1771698537.078299,8480000,-182.31170654296875
1771698575.363906,8484000,-183.6945037841797
1771698688.503007,8496000,-179.85130310058594
1771698726.0053122,8500000,-171.10470581054688
1771698843.0467825,8512000,-176.2006072998047
1771699191.651432,8548000,-188.76089477539062
1771699311.036138,8560000,-181.93609619140625
1771699702.3306537,8600000,-175.81959533691406
1771700089.997787,8640000,-169.42630004882812
1771700204.9405293,8652000,-156.1132049560547
1771700477.7780964,8680000,-171.0189971923828
1771700747.474071,8708000,-167.3177032470703
1771701175.579252,8752000,-178.03250122070312
1771701254.6271908,8760000,-183.40269470214844
1771701447.2322633,8780000,-165.18429565429688
1771701640.2684324,8800000,-169.95469665527344
1771701713.8823867,8808000,-171.73019409179688
1771701789.7436662,8816000,-164.8654022216797
1771702022.813275,8840000,-164.31069946289062
1771702100.3870025,8848000,-175.6239013671875
1771702215.5218527,8860000,-178.99139404296875
1771702256.5593998,8864000,-171.87249755859375
1771702488.6611145,8888000,-165.53860473632812
1771702646.2199032,8904000,-169.0471954345703
1771703071.8526363,8948000,-161.51519775390625
1771703189.1468244,8960000,-146.1667022705078
1771703383.395996,8980000,-150.73060607910156
1771703889.7047067,9032000,-158.13929748535156
1771704162.7858515,9060000,-155.9626007080078
1771704280.0565243,9072000,-155.02960205078125
1771704820.790913,9128000,-154.47169494628906
1771705243.688193,9172000,-152.39410400390625
1771705554.8977795,9204000,-142.40170288085938
1771705747.1528552,9224000,-134.77450561523438
1771705784.71954,9228000,-133.2346954345703
1771705976.938354,9248000,-145.3300018310547
1771706171.9698236,9268000,-143.52999877929688
1771706290.4348338,9280000,-146.15240478515625
1771706485.3890638,9300000,-138.0614013671875
1771706798.1231582,9332000,-143.3979034423828
1771706914.9605198,9344000,-139.09750366210938
1771707186.399027,9372000,-156.56649780273438
1771707226.478059,9376000,-154.42799377441406
1771707265.4960556,9380000,-151.60879516601562
1771707341.4786522,9388000,-142.4093017578125
1771707575.7354226,9412000,-127.15709686279297
1771707770.7001562,9432000,-148.0718994140625
1771707849.2031362,9440000,-146.4989013671875
1771708394.454089,9496000,-147.01699829101562
1771708823.0746343,9540000,-145.1645965576172
1771709016.052843,9560000,-134.82080078125
1771709093.7869487,9568000,-138.00070190429688
1771709173.080439,9576000,-135.35850524902344
1771709212.2208166,9580000,-136.1873016357422
1771709327.2595923,9592000,-133.0460968017578
1771709363.264085,9596000,-138.90859985351562
1771710535.9078367,9716000,-136.61790466308594
1771710651.9042945,9728000,-134.07359313964844
1771710807.8543837,9744000,-126.81439971923828
1771710846.377869,9748000,-135.33619689941406
1771711039.5568326,9768000,-119.04170227050781
1771711078.4348097,9772000,-119.85330200195312
1771711545.8572025,9820000,-119.00779724121094
1771711854.9874873,9852000,-129.31959533691406
1771711931.0961633,9860000,-134.46380615234375
1771711970.927194,9864000,-134.2613067626953
1771712125.8391888,9880000,-120.72940063476562
1771712281.114026,9896000,-115.2426986694336
1771712438.8756313,9912000,-117.01640319824219
1771712746.9031239,9944000,-123.77330017089844
1771712902.3707216,9960000,-108.35900115966797
1771713059.7353506,9976000,-123.53700256347656
1771713255.1579084,9996000,-120.58869934082031
1771713334.2614567,10004000,-125.8958969116211
1771713450.4919856,10016000,-120.06420135498047
1771713527.7833655,10024000,-122.05799865722656
1771713566.3480008,10028000,-126.2030029296875
1771713642.331456,10036000,-122.19309997558594
1771713835.730836,10056000,-119.95040130615234
1771713993.4590771,10072000,-119.77439880371094
1771714029.7892718,10076000,-123.08180236816406
1771714070.0734155,10080000,-123.77140045166016
1771714147.6763592,10088000,-127.52239990234375
1771714225.251837,10096000,-124.0791015625
1771714422.7714329,10116000,-114.6532974243164
1771714500.767394,10124000,-115.4832992553711
1771714814.7763538,10156000,-126.89019775390625
1771715006.4945471,10176000,-116.02369689941406
1771715861.3415108,10264000,-119.05229949951172
1771715900.1335416,10268000,-116.80120086669922
1771715977.6792397,10276000,-115.44889831542969
1771716249.9938138,10304000,-114.09760284423828
1771716325.81241,10312000,-114.39839935302734
1771716363.744006,10316000,-119.14679718017578
1771716558.8105924,10336000,-119.40560150146484
1771716598.7804275,10340000,-115.52169799804688
1771716636.1054745,10344000,-117.22969818115234
1771716753.9325745,10356000,-103.38710021972656
1771716793.7958937,10360000,-100.70570373535156
1771716908.4298213,10372000,-103.26799774169922
1771717180.8169343,10400000,-121.11000061035156
1771717258.4982498,10408000,-122.64469909667969
1771717451.1721601,10428000,-120.67649841308594
1771717882.815876,10472000,-101.8218002319336
1771717918.839361,10476000,-100.89520263671875
1771717959.1548436,10480000,-100.2780990600586
1771718271.42494,10512000,-108.44860076904297
1771718310.9997041,10516000,-107.40550231933594
1771718502.660226,10536000,-111.13960266113281
1771718542.9132295,10540000,-110.93930053710938
1771718582.1181378,10544000,-111.59249877929688
1771718621.073299,10548000,-113.83660125732422
1771718699.7633805,10556000,-117.81739807128906
1771718736.9740276,10560000,-121.05500030517578
1771718777.0216656,10564000,-124.03089904785156
1771718895.2245219,10576000,-102.66380310058594
1771719557.185343,10644000,-97.4397964477539
1771719635.0341895,10652000,-93.14739990234375
1771719943.1744397,10684000,-100.7969970703125
1771719979.9940639,10688000,-104.27169799804688
1771720019.7068992,10692000,-105.5730972290039
1771720097.1134958,10700000,-104.33550262451172
1771720372.5440953,10728000,-102.72579956054688
1771720489.4260743,10740000,-104.3998031616211
1771720566.7145905,10748000,-101.6104965209961
1771720686.3206658,10760000,-104.35479736328125
1771720763.2354941,10768000,-98.48619842529297
1771720842.2402103,10776000,-105.93800354003906
1771721190.9816859,10812000,-109.66940307617188
1771721342.9148624,10828000,-103.01119995117188
1771721420.9429998,10836000,-94.6980972290039
1771721578.8565784,10852000,-96.42510223388672
1771721617.8996792,10856000,-103.71070098876953
1771721775.8043413,10872000,-102.71170043945312
1771721813.4537568,10876000,-99.69249725341797
1771721853.5502243,10880000,-96.98310089111328
1771722046.2119608,10900000,-93.9083023071289
1771722241.7994409,10920000,-101.58390045166016
1771722281.5461469,10924000,-96.3239974975586
1771722436.1311047,10940000,-98.91089630126953
1771722633.6559289,10960000,-100.3584976196289
1771722672.0220187,10964000,-101.86039733886719
1771722711.037143,10968000,-106.21430206298828
1771722826.3010187,10980000,-105.17659759521484
1771722863.7375307,10984000,-102.19740295410156
1771723170.026431,11016000,-101.31770324707031
1771723208.9563792,11020000,-100.00489807128906
1771723247.5106466,11024000,-98.52960205078125
1771723442.3906975,11044000,-103.72769927978516
1771723478.7715402,11048000,-102.07939910888672
1771723630.9524536,11064000,-88.44560241699219
1771723746.6261191,11076000,-88.34010314941406
1771723860.9375796,11088000,-100.85199737548828
1771723939.1280873,11096000,-100.01119995117188
1771724016.6696155,11104000,-99.07830047607422
1771724133.0484948,11116000,-93.05899810791016
1771724170.92223,11120000,-91.88379669189453
1771724402.040401,11144000,-99.63729858398438
1771724869.4968452,11192000,-95.3635025024414
1771724948.5236351,11200000,-89.67230224609375
1771725449.6680934,11252000,-85.3739013671875
1771725489.7279131,11256000,-82.61799621582031
1771725916.9796426,11300000,-95.14140319824219
1771725956.9124703,11304000,-94.86589813232422
1771726302.6703818,11340000,-93.00250244140625
1771726380.2437873,11348000,-91.38330078125
1771726457.7164729,11356000,-85.7332992553711
1771726576.4883735,11368000,-78.09490203857422
1771726693.423068,11380000,-82.47760009765625
1771726813.0174024,11392000,-85.90360260009766
1771726968.0150256,11408000,-85.35919952392578
1771727005.7101243,11412000,-83.19020080566406
1771727203.2128391,11432000,-96.77749633789062
1771727279.616169,11440000,-92.072998046875
1771727358.6163015,11448000,-85.09870147705078
1771727397.3498974,11452000,-88.60320281982422
1771727549.9423661,11468000,-88.01930236816406
1771728058.8659077,11520000,-88.36710357666016
1771728137.9381754,11528000,-86.44110107421875
1771728177.8117695,11532000,-87.23370361328125
1771728255.7413478,11540000,-89.9186019897461
1771728447.6754668,11560000,-80.46790313720703
1771728526.2357855,11568000,-87.49340057373047
1771728605.0232756,11576000,-91.10780334472656
1771728685.0953872,11584000,-89.88680267333984
1771728996.1146688,11616000,-84.1886978149414
1771729308.4726417,11648000,-78.4175033569336
1771729424.044303,11660000,-91.66899871826172
1771729461.5654862,11664000,-92.20349884033203
1771729574.227508,11676000,-87.58519744873047
1771729651.3419564,11684000,-86.45580291748047
1771729691.489206,11688000,-84.18150329589844
1771729807.72706,11700000,-80.13919830322266
1771730042.1391182,11724000,-73.73320007324219
1771730197.6377873,11740000,-85.72579956054688
1771730236.209441,11744000,-84.44979858398438
1771730779.0975018,11800000,-83.0385971069336
1771730895.1261146,11812000,-88.1593017578125
1771731005.7704449,11824000,-79.73149871826172
1771731121.620028,11836000,-82.0071029663086
1771731278.8501177,11852000,-77.06330108642578
1771731394.644525,11864000,-73.40760040283203
1771731433.2922919,11868000,-78.39209747314453
1771731469.2223775,11872000,-74.69110107421875
1771731703.9500358,11896000,-89.82430267333984
1771731899.3292572,11916000,-80.01349639892578
1771731939.2947154,11920000,-80.46530151367188
1771732129.8718395,11940000,-85.88600158691406
1771732207.4124873,11948000,-79.07939910888672
1771732479.6799643,11976000,-82.16490173339844
1771732597.124657,11988000,-89.18080139160156
1771732674.4858541,11996000,-83.39579772949219
1771732709.7757888,12000000,-83.7031021118164
1771732785.140947,12008000,-74.14749908447266
1771732822.6007733,12012000,-80.27059936523438
1771732902.2812507,12020000,-79.85299682617188
1771733130.7556078,12044000,-79.85359954833984
1771733443.3772118,12076000,-64.89659881591797
1771733482.1309524,12080000,-68.96170043945312
1771733678.2077105,12100000,-68.94879913330078
1771733874.1784763,12120000,-66.8311996459961
1771734071.7071917,12140000,-72.39969635009766
1771734577.5765097,12192000,-69.8667984008789
1771734617.3122985,12196000,-70.47160339355469
1771734654.7672176,12200000,-69.0739974975586
1771735047.8618903,12240000,-76.9343032836914
1771735323.6020284,12268000,-71.1063003540039
1771735441.5647209,12280000,-82.19180297851562
1771735638.2304049,12300000,-73.20610046386719
1771735992.2028112,12336000,-72.75360107421875
1771736029.5761917,12340000,-73.40899658203125
1771736069.5105243,12344000,-74.48819732666016
1771736264.4364321,12364000,-71.4646987915039
1771736501.337667,12388000,-67.17549896240234
1771736615.3519974,12400000,-75.36019897460938
1771736774.4886425,12416000,-68.99700164794922
1771736812.1232555,12420000,-68.57720184326172
1771736852.5142777,12424000,-66.36920166015625
1771736928.718633,12432000,-65.4854965209961
1771737085.862088,12448000,-74.0811996459961
1771737201.246767,12460000,-70.78919982910156
1771737242.7653635,12464000,-70.4832992553711
1771737396.2782798,12480000,-65.39230346679688
1771737436.0979302,12484000,-67.19400024414062
1771737475.7179654,12488000,-64.3240966796875
1771737674.1793497,12508000,-71.63629913330078
1771737750.141568,12516000,-65.72589874267578
1771738136.1514013,12556000,-60.31449890136719
1771738176.3473792,12560000,-60.67100143432617
1771738409.1767695,12584000,-65.7865982055664
1771738607.19435,12604000,-69.85269927978516
1771738685.317778,12612000,-68.38379669189453
1771738804.655364,12624000,-64.27410125732422
1771739271.3161693,12672000,-68.23809814453125
1771739383.4699008,12684000,-62.83449935913086
1771739499.676379,12696000,-62.40530014038086
1771739694.0289123,12716000,-63.98749923706055
1771739812.0525563,12728000,-61.47869873046875
1771740047.387205,12752000,-55.68980026245117
1771740162.1888165,12764000,-65.76270294189453
1771740239.1041381,12772000,-68.33550262451172
1771740436.8493032,12792000,-57.59489822387695
1771740515.632382,12800000,-57.691898345947266
1771740673.4677207,12816000,-60.785301208496094
1771740713.286701,12820000,-57.718299865722656
1771741027.2309942,12852000,-61.8125
1771741184.3775618,12868000,-55.43130111694336
1771741223.0608017,12872000,-55.7859001159668
1771741342.1476312,12884000,-60.5432014465332
1771741416.6135094,12892000,-57.889198303222656
1771741690.0924916,12920000,-61.041099548339844
1771741847.7246425,12936000,-56.46549987792969
1771742005.020716,12952000,-58.70750045776367
1771742160.4086218,12968000,-59.802101135253906
1771742240.8052754,12976000,-63.95130157470703
1771742475.3859751,13000000,-68.30049896240234
1771742942.3498461,13048000,-54.55509948730469
1771743019.4991808,13056000,-55.74420166015625
1771743097.926888,13064000,-57.132999420166016
1771743213.6850216,13076000,-55.52640151977539
1771743331.5924022,13088000,-57.4739990234375
1771743447.7737758,13100000,-58.389801025390625
1771743486.2484705,13104000,-57.40829849243164
1771743681.6237538,13124000,-60.310298919677734
1771743996.3915663,13156000,-55.070899963378906
1771744231.6930916,13180000,-57.97760009765625
1771744350.4251864,13192000,-57.834598541259766
1771744390.3310347,13196000,-59.80379867553711
1771744696.488171,13228000,-53.796199798583984
1771745009.6536233,13260000,-54.98609924316406
1771745362.446844,13296000,-56.174400329589844
1771745518.6770222,13312000,-48.7047004699707
1771745790.2216735,13340000,-59.52190017700195
1771746021.4416919,13364000,-52.586700439453125
1771746218.0094473,13384000,-58.09159851074219
1771746530.893944,13416000,-55.8671989440918
1771746610.8890724,13424000,-59.11750030517578
1771746649.800335,13428000,-56.70610046386719
1771746882.1536942,13452000,-54.999900817871094
1771746959.3521369,13460000,-55.845401763916016
1771746999.4161277,13464000,-54.93339920043945
1771747039.39702,13468000,-51.91630172729492
1771747195.1876047,13484000,-50.30720138549805
1771747233.5855258,13488000,-49.258399963378906
1771747273.6726167,13492000,-49.11370086669922
1771747349.7104602,13500000,-47.05950164794922
1771747466.7110138,13512000,-44.93439865112305
1771747547.0221653,13520000,-48.85020065307617
1771747741.4579308,13540000,-50.55939865112305
1771747778.9514399,13544000,-48.864601135253906
1771747896.6057608,13556000,-51.635501861572266
1771748093.4661899,13576000,-46.091800689697266
1771748132.0487673,13580000,-48.3306999206543
1771748249.769825,13592000,-48.604000091552734
1771748444.4386084,13612000,-43.63119888305664
1771748522.894063,13620000,-47.243499755859375
1771748640.9130714,13632000,-51.868499755859375
1771748678.4168603,13636000,-50.35369873046875
1771748716.224455,13640000,-49.83489990234375
1771748833.2441478,13652000,-51.609798431396484
1771749069.3254158,13676000,-61.89339828491211
1771749223.143193,13692000,-52.23529815673828
1771749379.854502,13708000,-50.86360168457031
1771749654.7072544,13736000,-43.80139923095703
1771749693.342568,13740000,-41.025299072265625
1771749771.9149826,13748000,-47.85820007324219
1771749890.958156,13760000,-49.4541015625
1771750089.27577,13780000,-46.19670104980469
1771750483.1968808,13820000,-48.496299743652344
1771750522.4613452,13824000,-46.05569839477539
1771750678.2790773,13840000,-46.38669967651367
1771750753.9410627,13848000,-50.926998138427734
1771751026.882613,13876000,-43.760398864746094
1771751105.0324032,13884000,-47.38199996948242
1771751186.8149145,13892000,-50.20800018310547
1771751303.1482782,13904000,-51.28089904785156
1771751499.5448968,13924000,-46.332000732421875
1771751537.0133889,13928000,-48.390098571777344
1771751578.0636456,13932000,-46.61040115356445
1771751616.7927513,13936000,-44.499000549316406
1771751655.1646369,13940000,-45.31840133666992
1771751692.8654966,13944000,-45.40119934082031
1771751852.2159934,13960000,-47.70709991455078
1771751930.473338,13968000,-45.378501892089844
1771752007.905206,13976000,-47.48820114135742
1771752121.8950586,13988000,-44.29930114746094
1771752241.2010884,14000000,-48.74290084838867
1771752282.54319,14004000,-49.56930160522461
1771752395.0428457,14016000,-45.02399826049805
1771752819.9449966,14060000,-46.627601623535156
1771753017.559861,14080000,-45.63740158081055
1771753056.0744994,14084000,-44.60409927368164
1771753289.633111,14108000,-54.038700103759766
1771753484.8629575,14128000,-51.79690170288086
1771753638.1368275,14144000,-59.635398864746094
1771753677.6547067,14148000,-58.828399658203125
1771753873.5161731,14168000,-55.730098724365234
1771753993.001208,14180000,-49.57659912109375
1771754226.0938084,14204000,-56.470298767089844
1771754380.7215939,14220000,-60.63629913330078
1771754537.2595208,14236000,-49.337398529052734
1771754617.5224855,14244000,-51.71289825439453
1771754848.9550412,14268000,-49.392799377441406
1771754967.6797779,14280000,-52.997798919677734
1771755119.5722718,14296000,-46.17539978027344
1771755198.799664,14304000,-50.098899841308594
1771755237.6605,14308000,-47.911800384521484
1771755354.9791212,14320000,-44.4182014465332
1771755394.8688285,14324000,-41.74810028076172
1771755550.7723067,14340000,-47.84830093383789
1771755668.7777746,14352000,-50.41299819946289
1771755708.805165,14356000,-53.477699279785156
1771755747.758353,14360000,-55.4119987487793
1771755826.5934827,14368000,-52.999298095703125
1771756174.170448,14404000,-48.33879852294922
1771756486.4442744,14436000,-45.1515998840332
1771756682.1022148,14456000,-50.32109832763672
1771756722.0651011,14460000,-49.969600677490234
1771756759.7436538,14464000,-50.68479919433594
1771756798.6092737,14468000,-49.76150131225586
1771756917.0910463,14480000,-46.274200439453125
1771757072.6937718,14496000,-41.45330047607422
1771757344.1080253,14524000,-44.26750183105469
1771757696.5735142,14560000,-39.240501403808594
1771757812.5693123,14572000,-38.81370162963867
1771758279.3292584,14620000,-45.07720184326172
1771758397.9376264,14632000,-45.96260070800781
1771758475.5585284,14640000,-46.34090042114258
1771758553.0715206,14648000,-45.71039962768555
1771758670.2087073,14660000,-47.46760177612305
1771758749.6483393,14668000,-43.22639846801758
1771758826.3901281,14676000,-38.134700775146484
1771758907.657098,14684000,-44.397701263427734
1771758943.617447,14688000,-45.55350112915039
1771758984.5534954,14692000,-45.34560012817383
1771759452.530855,14740000,-37.10409927368164
1771759688.296706,14764000,-35.8656005859375
1771760039.1635108,14800000,-40.60319900512695
1771760076.7922368,14804000,-43.39889907836914
1771760350.3983114,14832000,-41.84629821777344
1771760505.825054,14848000,-38.397098541259766
1771760544.460832,14852000,-37.907901763916016
1771760740.5870771,14872000,-38.79389953613281
1771760781.0219164,14876000,-39.33760070800781
1771760900.0159845,14888000,-38.155601501464844
1771761211.9236073,14920000,-39.624900817871094
1771761325.0463312,14932000,-40.82630157470703
1771761364.6474233,14936000,-40.084800720214844
1771761714.4107952,14972000,-38.427101135253906
1771761833.5300057,14984000,-38.572898864746094
1771761872.6024187,14988000,-41.073001861572266
1771761950.9134657,14996000,-44.39400100708008
1771761989.5576603,15000000,-44.88529968261719
1771762102.014961,15012000,-39.407901763916016
1771762143.196047,15016000,-40.295101165771484
1771762180.341534,15020000,-40.219600677490234
1771762449.0556686,15048000,-39.95320129394531
1771762527.5647507,15056000,-36.55699920654297
1771762606.365725,15064000,-40.557498931884766
1771763075.6665626,15112000,-36.45970153808594
1771763192.241553,15124000,-38.71989822387695
1771763228.3534973,15128000,-43.10210037231445
1771763268.6688538,15132000,-44.852699279785156
1771763306.0589988,15136000,-43.4276008605957
1771763463.8820407,15152000,-36.442100524902344
1771763579.737687,15164000,-37.41419982910156
1771764164.7923284,15224000,-37.296600341796875
1771764205.0028486,15228000,-31.430200576782227
1771764244.9233742,15232000,-33.81019973754883
1771764477.647457,15256000,-37.97890090942383
1771764555.204097,15264000,-35.2775993347168
1771764711.8432972,15280000,-40.036800384521484
1771764868.6540008,15296000,-39.921199798583984
1771764906.2509263,15300000,-40.76369857788086
1771765103.4746778,15320000,-37.24489974975586
1771765487.988565,15360000,-35.01390075683594
1771765837.3552153,15396000,-36.13669967651367
1771765912.1450171,15404000,-36.22560119628906
1771765950.8892665,15408000,-33.707298278808594
1771765991.3005464,15412000,-36.28150177001953
1771766107.9564471,15424000,-39.26240158081055
1771766186.5948498,15432000,-37.10960006713867
1771766305.4765923,15444000,-31.84320068359375
1771766653.6854575,15480000,-35.973899841308594
1771766770.6043785,15492000,-37.015098571777344
1771766887.7523725,15504000,-39.54249954223633
1771767282.285995,15544000,-32.39229965209961
1771767750.183366,15592000,-37.503299713134766
1771767947.2502656,15612000,-34.305999755859375
1771768183.5167518,15636000,-33.207298278808594
1771768222.0554352,15640000,-31.306400299072266
1771768299.6799433,15648000,-33.73820114135742
1771768457.5918453,15664000,-35.090599060058594
1771768692.191872,15688000,-30.407499313354492
1771768808.9258556,15700000,-30.80430030822754
1771768886.0756338,15708000,-30.593399047851562
1771768962.4174747,15716000,-32.747100830078125
1771769075.3429718,15728000,-33.802799224853516
1771769155.1488519,15736000,-34.048301696777344
1771769191.3585436,15740000,-31.411800384521484
1771769270.2476077,15748000,-32.18130111694336
1771769387.2722816,15760000,-35.38759994506836
1771769929.617902,15816000,-40.720401763916016
1771769969.434858,15820000,-41.716800689697266
1771770088.0547872,15832000,-37.34260177612305
1771770321.5070405,15856000,-33.30699920654297
1771770397.5943205,15864000,-33.300498962402344
1771770438.8252027,15868000,-35.232398986816406
1771770785.1640677,15904000,-29.760900497436523
1771770824.9735305,15908000,-33.96849822998047
1771771021.1565464,15928000,-36.075401306152344
1771771058.8576176,15932000,-35.60499954223633
1771771098.6634207,15936000,-36.507999420166016
1771771217.146134,15948000,-34.234798431396484
1771771255.895534,15952000,-31.32659912109375
1771771453.751762,15972000,-35.70949935913086
1771771646.7522361,15992000,-39.16379928588867
1771771725.2469368,16000000,-37.641300201416016
